date,value,source_code
2011-03-01,90632,20633
2011-04-01,86104,20633
2011-05-01,98424,20633
2011-06-01,97746,20633
2011-07-01,95593,20633
2011-08-01,107054,20633
2011-09-01,102395,20633
2011-10-01,98285,20633
2011-11-01,103843,20633
2011-12-01,110083,20633
2012-01-01,98134,20633
2012-02-01,92539,20633
2012-03-01,102544,20633
2012-04-01,100869,20633
2012-05-01,110556,20633
2012-06-01,102693,20633
2012-07-01,103776,20633
2012-08-01,109999,20633
2012-09-01,99678,20633
2012-10-01,118968,20633
2012-11-01,112933,20633
2012-12-01,120146,20633
2013-01-01,112607,20633
2013-02-01,102942,20633
2013-03-01,112028,20633
2013-04-01,123023,20633
2013-05-01,124855,20633
2013-06-01,120039,20633
2013-07-01,126921,20633
2013-08-01,127699,20633
2013-09-01,122285,20633
2013-10-01,130716,20633
2013-11-01,125438,20633
2013-12-01,141970,20633
2014-01-01,125032,20633
2014-02-01,122998,20633
2014-03-01,121393,20633
2014-04-01,127608,20633
2014-05-01,134884,20633
2014-06-01,131710,20633
2014-07-01,135899,20633
2014-08-01,133073,20633
2014-09-01,140744,20633
2014-10-01,147764,20633
2014-11-01,133114,20633
2014-12-01,154552,20633
2015-01-01,131121,20633
2015-02-01,114739,20633
2015-03-01,137096,20633
2015-04-01,129893,20633
2015-05-01,129031,20633
2015-06-01,133680,20633
2015-07-01,133454,20633
2015-08-01,131641,20633
2015-09-01,129031,20633
2015-10-01,125702,20633
2015-11-01,131082,20633
2015-12-01,140898,20633
2016-01-01,114344,20633
2016-02-01,117477,20633
2016-03-01,127363,20633
2016-04-01,121045,20633
2016-05-01,130247,20633
2016-06-01,133696,20633
2016-07-01,125059,20633
2016-08-01,136820,20633
2016-09-01,123885,20633
2016-10-01,128364,20633
2016-11-01,136710,20633
2016-12-01,144799,20633
2017-01-01,129135,20633
2017-02-01,114218,20633
2017-03-01,144833,20633
2017-04-01,123937,20633
2017-05-01,145407,20633
2017-06-01,144017,20633
2017-07-01,137962,20633
2017-08-01,147282,20633
2017-09-01,136202,20633
2017-10-01,146955,20633
2017-11-01,149689,20633
2017-12-01,150368,20633
2018-01-01,146870,20633
2018-02-01,131893,20633
2018-03-01,147433,20633
2018-04-01,149286,20633
2018-05-01,154719,20633
2018-06-01,152422,20633
2018-07-01,154678,20633
2018-08-01,169264,20633
2018-09-01,148599,20633
2018-10-01,168137,20633
2018-11-01,176652,20633
2018-12-01,174064,20633
2019-01-01,163631,20633
2019-02-01,158806,20633
2019-03-01,159687,20633
2019-04-01,173250,20633
2019-05-01,182704,20633
2019-06-01,171635,20633
2019-07-01,190336,20633
2019-08-01,187191,20633
2019-09-01,186451,20633
2019-10-01,199718,20633
2019-11-01,194279,20633
2019-12-01,212357,20633
2020-01-01,190362,20633
2020-02-01,173921,20633
2020-03-01,178336,20633
2020-04-01,146895,20633
2020-05-01,150308,20633
2020-06-01,170639,20633
2020-07-01,182540,20633
2020-08-01,189834,20633
2020-09-01,196409,20633
2020-10-01,204528,20633
2020-11-01,214205,20633
2020-12-01,218765,20633
2021-01-01,180884,20633
2021-02-01,182157,20633
2021-03-01,210804,20633
2021-04-01,212275,20633
2021-05-01,231343,20633
2021-06-01,235960,20633
2021-07-01,240061,20633
2021-08-01,258718,20633
2021-09-01,252946,20633
2021-10-01,250107,20633
2021-11-01,271405,20633
2021-12-01,273348,20633
2022-01-01,239283,20633
2022-02-01,225349,20633
2022-03-01,275124,20633
2022-04-01,267797,20633
2022-05-01,290873,20633
2022-06-01,287826,20633
2022-07-01,291986,20633
2022-08-01,319342,20633
2022-09-01,306060,20633
2022-10-01,306122,20633
2022-11-01,288189,20633
2022-12-01,288643,20633
2023-01-01,272683,20633
2023-02-01,243678,20633
2023-03-01,289428,20633
2023-04-01,255622,20633
2023-05-01,291098,20633
2023-06-01,282248,20633
2023-07-01,291920,20633
2023-08-01,322838,20633
2023-09-01,300826,20633
2023-10-01,312870,20633
2023-11-01,317236,20633
2023-12-01,310877,20633
2024-01-01,314388,20633
2024-02-01,291440,20633
2024-03-01,305408,20633
2024-04-01,320982,20633
2024-05-01,329539,20633
2024-06-01,313832,20633
2024-07-01,351472,20633
2024-08-01,347106,20633
2024-09-01,348030,20633
2024-10-01,358711,20633
2024-11-01,342829,20633
2024-12-01,358619,20633
2025-01-01,337762,20633
2025-02-01,328225,20633
2025-03-01,337442,20633
2025-04-01,349001,20633
2025-05-01,348206,20633
2025-06-01,350156,20633
2025-07-01,365381,20633
2025-08-01,367634,20633
2025-09-01,378569,20633
2025-10-01,393377,20633
2025-11-01,378650,20633
2025-12-01,407588,20633
2026-01-01,364450,20633
2026-02-01,337956,20633
2026-03-01,397284,20633
2026-04-01,378710,20633
2026-05-01,376976,20633
2026-06-01,385590,20633
2026-07-01,400840,20633
2026-08-01,394254,20633
